Warehouse id,Region,SKU id,01-06-2021 00:00
Wh-1,NORTH,SKU-1,8
Wh-1,NORTH,SKU-2,13
Wh-1,NORTH,SKU-3,6
Wh-1,NORTH,SKU-4,18
Wh-1,NORTH,SKU-5,24
Wh-1,NORTH,SKU-6,4
Wh-1,NORTH,SKU-7,395
Wh-1,NORTH,SKU-8,250
Wh-1,NORTH,SKU-9,67
Wh-1,NORTH,SKU-10,40
Wh-1,NORTH,SKU-11,45
Wh-1,NORTH,SKU-12,110
Wh-1,NORTH,SKU-13,420
Wh-1,NORTH,SKU-14,65
Wh-1,NORTH,SKU-15,19
Wh-1,NORTH,SKU-16,56
Wh-1,NORTH,SKU-17,2
Wh-1,NORTH,SKU-18,198
Wh-1,NORTH,SKU-19,16
Wh-1,NORTH,SKU-20,4
Wh-1,NORTH,SKU-21,124
Wh-1,NORTH,SKU-22,2
Wh-1,NORTH,SKU-23,3
Wh-1,NORTH,SKU-24,24
Wh-1,NORTH,SKU-25,49
Wh-1,NORTH,SKU-26,18
Wh-1,NORTH,SKU-27,43
Wh-1,NORTH,SKU-28,11
Wh-1,NORTH,SKU-29,36
Wh-1,NORTH,SKU-30,89
Wh-1,NORTH,SKU-31,2
Wh-1,NORTH,SKU-32,16
Wh-1,NORTH,SKU-33,30
Wh-1,NORTH,SKU-34,8
Wh-1,NORTH,SKU-35,4
Wh-1,NORTH,SKU-36,282
Wh-1,NORTH,SKU-37,106
Wh-1,NORTH,SKU-38,181
Wh-1,NORTH,SKU-39,179
Wh-1,NORTH,SKU-40,170
Wh-1,NORTH,SKU-41,20
Wh-1,NORTH,SKU-42,6
Wh-1,NORTH,SKU-43,28
Wh-1,NORTH,SKU-44,46
Wh-1,NORTH,SKU-45,36
Wh-1,NORTH,SKU-46,44
Wh-1,NORTH,SKU-47,102
Wh-1,NORTH,SKU-48,23
Wh-1,NORTH,SKU-49,73
Wh-1,NORTH,SKU-50,107
Wh-1,NORTH,SKU-51,439
Wh-1,NORTH,SKU-52,10
Wh-1,NORTH,SKU-53,17
Wh-1,NORTH,SKU-54,18
Wh-1,NORTH,SKU-55,95
Wh-1,NORTH,SKU-56,139
Wh-1,NORTH,SKU-57,25
Wh-1,NORTH,SKU-58,17
Wh-1,NORTH,SKU-59,109
Wh-1,NORTH,SKU-60,2
Wh-1,NORTH,SKU-61,10
Wh-1,NORTH,SKU-62,62
Wh-1,NORTH,SKU-63,32
Wh-1,NORTH,SKU-64,20
Wh-1,NORTH,SKU-65,20
Wh-1,NORTH,SKU-66,47
Wh-1,NORTH,SKU-67,27
Wh-1,NORTH,SKU-68,82
Wh-1,NORTH,SKU-69,30
Wh-1,NORTH,SKU-70,152
Wh-1,NORTH,SKU-71,13
Wh-1,NORTH,SKU-72,70
Wh-1,NORTH,SKU-73,41
Wh-1,NORTH,SKU-74,2
Wh-1,NORTH,SKU-75,32
Wh-1,NORTH,SKU-76,20
Wh-1,NORTH,SKU-77,38
Wh-1,NORTH,SKU-78,76
Wh-1,NORTH,SKU-79,3
Wh-1,NORTH,SKU-80,116
Wh-1,NORTH,SKU-81,11
Wh-1,NORTH,SKU-82,60
Wh-1,NORTH,SKU-83,5
Wh-1,NORTH,SKU-84,32
Wh-1,NORTH,SKU-85,3
Wh-1,NORTH,SKU-86,18
Wh-1,NORTH,SKU-87,7
Wh-1,NORTH,SKU-88,49
Wh-1,NORTH,SKU-89,9
Wh-1,NORTH,SKU-90,87
Wh-1,NORTH,SKU-91,33
Wh-1,NORTH,SKU-92,24
Wh-1,NORTH,SKU-93,26
Wh-1,NORTH,SKU-94,10
Wh-1,NORTH,SKU-95,13
Wh-1,NORTH,SKU-96,71
Wh-1,NORTH,SKU-97,22
Wh-1,NORTH,SKU-98,30
Wh-1,NORTH,SKU-99,18
Wh-1,NORTH,SKU-100,11
Wh-1,NORTH,SKU-101,14
Wh-1,NORTH,SKU-102,25
Wh-1,NORTH,SKU-103,13
Wh-1,NORTH,SKU-104,32
Wh-1,NORTH,SKU-105,19
Wh-1,NORTH,SKU-106,82
Wh-1,NORTH,SKU-107,22
Wh-1,NORTH,SKU-108,37
Wh-1,NORTH,SKU-109,9
Wh-1,NORTH,SKU-110,5
Wh-1,NORTH,SKU-111,3
Wh-1,NORTH,SKU-112,6
Wh-1,NORTH,SKU-113,1
Wh-1,NORTH,SKU-114,3
Wh-1,NORTH,SKU-115,26
Wh-1,NORTH,SKU-116,4
Wh-1,NORTH,SKU-117,4
Wh-1,NORTH,SKU-118,2
Wh-1,NORTH,SKU-119,32
Wh-1,NORTH,SKU-120,8
Wh-1,NORTH,SKU-121,64
Wh-1,NORTH,SKU-122,10
Wh-1,NORTH,SKU-123,38
Wh-1,NORTH,SKU-124,265
Wh-1,NORTH,SKU-125,162
Wh-1,NORTH,SKU-126,10
Wh-1,NORTH,SKU-127,85
Wh-1,NORTH,SKU-128,23
Wh-1,NORTH,SKU-129,20
Wh-1,NORTH,SKU-130,5
Wh-1,NORTH,SKU-131,34
Wh-1,NORTH,SKU-132,233
Wh-1,NORTH,SKU-133,142
Wh-1,NORTH,SKU-134,60
Wh-1,NORTH,SKU-135,13
Wh-1,NORTH,SKU-136,403
Wh-1,NORTH,SKU-137,850
Wh-1,NORTH,SKU-138,34
Wh-1,NORTH,SKU-139,56
Wh-1,NORTH,SKU-140,127
Wh-1,NORTH,SKU-141,13
Wh-1,NORTH,SKU-142,12
Wh-1,NORTH,SKU-143,20
Wh-1,NORTH,SKU-144,14
Wh-1,NORTH,SKU-145,32
Wh-1,NORTH,SKU-146,3
Wh-1,NORTH,SKU-147,24
Wh-1,NORTH,SKU-148,86
Wh-1,NORTH,SKU-149,144
Wh-1,NORTH,SKU-150,171
Wh-1,NORTH,SKU-151,274
Wh-1,NORTH,SKU-152,2
Wh-1,NORTH,SKU-153,7
Wh-1,NORTH,SKU-154,4
Wh-1,NORTH,SKU-155,5
Wh-1,NORTH,SKU-156,20
Wh-1,NORTH,SKU-157,162
Wh-1,NORTH,SKU-158,13
Wh-1,NORTH,SKU-159,3
Wh-1,NORTH,SKU-160,27
Wh-1,NORTH,SKU-161,28
Wh-1,NORTH,SKU-162,40
Wh-1,NORTH,SKU-163,16
Wh-1,NORTH,SKU-164,41
Wh-1,NORTH,SKU-165,22
Wh-1,NORTH,SKU-166,30
Wh-1,NORTH,SKU-167,11
Wh-1,NORTH,SKU-168,35
Wh-1,NORTH,SKU-169,4
Wh-1,NORTH,SKU-170,15
Wh-1,NORTH,SKU-171,66
Wh-1,NORTH,SKU-172,16
Wh-1,NORTH,SKU-173,79
Wh-1,NORTH,SKU-174,9
Wh-1,NORTH,SKU-175,1
Wh-1,NORTH,SKU-176,1
Wh-1,NORTH,SKU-177,12
Wh-1,NORTH,SKU-178,29
Wh-1,NORTH,SKU-179,19
Wh-1,NORTH,SKU-180,2
Wh-1,NORTH,SKU-181,8
Wh-1,NORTH,SKU-182,4
Wh-1,NORTH,SKU-183,8
Wh-1,NORTH,SKU-184,17
Wh-1,NORTH,SKU-185,39
Wh-1,NORTH,SKU-186,7
Wh-1,NORTH,SKU-187,4
Wh-1,NORTH,SKU-188,9
Wh-1,NORTH,SKU-189,26
Wh-1,NORTH,SKU-190,99
Wh-1,NORTH,SKU-191,12
Wh-1,NORTH,SKU-192,31
Wh-1,NORTH,SKU-193,17
Wh-1,NORTH,SKU-194,131
Wh-1,NORTH,SKU-195,14
Wh-1,NORTH,SKU-196,33
Wh-1,NORTH,SKU-197,66
Wh-1,NORTH,SKU-198,44
Wh-1,NORTH,SKU-199,48
Wh-1,NORTH,SKU-200,18
Wh-1,NORTH,SKU-201,16
Wh-1,NORTH,SKU-202,45
Wh-1,NORTH,SKU-203,18
Wh-1,NORTH,SKU-204,22
Wh-1,NORTH,SKU-205,60
Wh-1,NORTH,SKU-206,1019
Wh-1,NORTH,SKU-207,21
Wh-1,NORTH,SKU-208,12
Wh-1,NORTH,SKU-209,18
Wh-1,NORTH,SKU-210,125
Wh-1,NORTH,SKU-211,157
Wh-1,NORTH,SKU-212,112
Wh-1,NORTH,SKU-213,16
Wh-1,NORTH,SKU-214,3
Wh-1,NORTH,SKU-215,75
Wh-1,NORTH,SKU-216,16
Wh-1,NORTH,SKU-217,22
Wh-1,NORTH,SKU-218,10
Wh-1,NORTH,SKU-219,27
Wh-1,NORTH,SKU-220,21
Wh-1,NORTH,SKU-221,31
Wh-1,NORTH,SKU-222,51
Wh-1,NORTH,SKU-223,11
Wh-1,NORTH,SKU-224,21
Wh-1,NORTH,SKU-225,349
Wh-1,NORTH,SKU-226,32
Wh-1,NORTH,SKU-227,17
Wh-1,NORTH,SKU-228,17
Wh-1,NORTH,SKU-229,4
Wh-1,NORTH,SKU-230,13
Wh-1,NORTH,SKU-231,20
Wh-1,NORTH,SKU-232,15
Wh-1,NORTH,SKU-233,57
Wh-2,EAST,SKU-1,5
Wh-2,EAST,SKU-2,8
Wh-2,EAST,SKU-3,7
Wh-2,EAST,SKU-4,30
Wh-2,EAST,SKU-5,37
Wh-2,EAST,SKU-6,30
Wh-2,EAST,SKU-7,452
Wh-2,EAST,SKU-403,6
Wh-2,EAST,SKU-8,412
Wh-2,EAST,SKU-234,18
Wh-2,EAST,SKU-9,49
Wh-2,EAST,SKU-10,35
Wh-2,EAST,SKU-13,14
Wh-2,EAST,SKU-17,11
Wh-2,EAST,SKU-20,4
Wh-2,EAST,SKU-352,10
Wh-2,EAST,SKU-21,103
Wh-2,EAST,SKU-22,27
Wh-2,EAST,SKU-23,13
Wh-2,EAST,SKU-24,6
Wh-2,EAST,SKU-25,19
Wh-2,EAST,SKU-26,24
Wh-2,EAST,SKU-27,35
Wh-2,EAST,SKU-28,5
Wh-2,EAST,SKU-29,17
Wh-2,EAST,SKU-30,13
Wh-2,EAST,SKU-31,14
Wh-2,EAST,SKU-32,89
Wh-2,EAST,SKU-33,37
Wh-2,EAST,SKU-237,64
Wh-2,EAST,SKU-34,15
Wh-2,EAST,SKU-239,24
Wh-2,EAST,SKU-240,7
Wh-2,EAST,SKU-36,125
Wh-2,EAST,SKU-37,203
Wh-2,EAST,SKU-39,92
Wh-2,EAST,SKU-40,17
Wh-2,EAST,SKU-41,112
Wh-2,EAST,SKU-44,33
Wh-2,EAST,SKU-45,5
Wh-2,EAST,SKU-47,20
Wh-2,EAST,SKU-50,10
Wh-2,EAST,SKU-51,7
Wh-2,EAST,SKU-53,6
Wh-2,EAST,SKU-56,176
Wh-2,EAST,SKU-57,15
Wh-2,EAST,SKU-59,5
Wh-2,EAST,SKU-62,12
Wh-2,EAST,SKU-66,923
Wh-2,EAST,SKU-67,156
Wh-2,EAST,SKU-244,16
Wh-2,EAST,SKU-69,2801
Wh-2,EAST,SKU-70,60
Wh-2,EAST,SKU-71,14
Wh-2,EAST,SKU-72,72
Wh-2,EAST,SKU-73,31
Wh-2,EAST,SKU-328,15
Wh-2,EAST,SKU-76,276
Wh-2,EAST,SKU-77,11
Wh-2,EAST,SKU-78,21
Wh-2,EAST,SKU-79,16
Wh-2,EAST,SKU-248,79
Wh-2,EAST,SKU-404,20
Wh-2,EAST,SKU-80,87
Wh-2,EAST,SKU-81,20
Wh-2,EAST,SKU-82,16
Wh-2,EAST,SKU-84,132
Wh-2,EAST,SKU-86,20
Wh-2,EAST,SKU-250,7
Wh-2,EAST,SKU-87,13
Wh-2,EAST,SKU-359,15
Wh-2,EAST,SKU-88,310
Wh-2,EAST,SKU-251,9
Wh-2,EAST,SKU-361,7
Wh-2,EAST,SKU-89,13
Wh-2,EAST,SKU-97,9
Wh-2,EAST,SKU-329,34
Wh-2,EAST,SKU-330,34
Wh-2,EAST,SKU-332,2
Wh-2,EAST,SKU-257,22
Wh-2,EAST,SKU-258,52
Wh-2,EAST,SKU-259,19
Wh-2,EAST,SKU-260,22
Wh-2,EAST,SKU-261,388
Wh-2,EAST,SKU-262,6
Wh-2,EAST,SKU-263,416
Wh-2,EAST,SKU-264,4669
Wh-2,EAST,SKU-265,2
Wh-2,EAST,SKU-267,15
Wh-2,EAST,SKU-268,2223
Wh-2,EAST,SKU-269,17
Wh-2,EAST,SKU-270,11
Wh-2,EAST,SKU-271,11
Wh-2,EAST,SKU-272,69
Wh-2,EAST,SKU-275,34
Wh-2,EAST,SKU-276,45
Wh-2,EAST,SKU-278,12
Wh-2,EAST,SKU-405,1623
Wh-2,EAST,SKU-106,151
Wh-2,EAST,SKU-107,20
Wh-2,EAST,SKU-108,7
Wh-2,EAST,SKU-109,5
Wh-2,EAST,SKU-110,12
Wh-2,EAST,SKU-111,7
Wh-2,EAST,SKU-112,5
Wh-2,EAST,SKU-113,107
Wh-2,EAST,SKU-114,15
Wh-2,EAST,SKU-115,7
Wh-2,EAST,SKU-116,9
Wh-2,EAST,SKU-117,16
Wh-2,EAST,SKU-118,2
Wh-2,EAST,SKU-119,14
Wh-2,EAST,SKU-120,4
Wh-2,EAST,SKU-287,8
Wh-2,EAST,SKU-337,158
Wh-2,EAST,SKU-121,370
Wh-2,EAST,SKU-288,15
Wh-2,EAST,SKU-123,329
Wh-2,EAST,SKU-289,33
Wh-2,EAST,SKU-406,5
Wh-2,EAST,SKU-407,13
Wh-2,EAST,SKU-124,137
Wh-2,EAST,SKU-338,65
Wh-2,EAST,SKU-408,18
Wh-2,EAST,SKU-339,8
Wh-2,EAST,SKU-340,2
Wh-2,EAST,SKU-125,2245
Wh-2,EAST,SKU-126,101
Wh-2,EAST,SKU-127,165
Wh-2,EAST,SKU-342,69
Wh-2,EAST,SKU-291,1
Wh-2,EAST,SKU-343,49
Wh-2,EAST,SKU-292,122
Wh-2,EAST,SKU-409,18
Wh-2,EAST,SKU-132,347
Wh-2,EAST,SKU-133,779
Wh-2,EAST,SKU-134,149
Wh-2,EAST,SKU-344,145
Wh-2,EAST,SKU-410,39
Wh-2,EAST,SKU-138,1
Wh-2,EAST,SKU-139,7
Wh-2,EAST,SKU-140,479
Wh-2,EAST,SKU-141,881
Wh-2,EAST,SKU-345,245
Wh-2,EAST,SKU-411,59
Wh-2,EAST,SKU-412,3
Wh-2,EAST,SKU-144,2
Wh-2,EAST,SKU-146,5
Wh-2,EAST,SKU-386,218
Wh-2,EAST,SKU-147,87
Wh-2,EAST,SKU-293,38
Wh-2,EAST,SKU-148,175
Wh-2,EAST,SKU-149,1000
Wh-2,EAST,SKU-387,18
Wh-2,EAST,SKU-150,107
Wh-2,EAST,SKU-151,314
Wh-2,EAST,SKU-152,25
Wh-2,EAST,SKU-413,13
Wh-2,EAST,SKU-389,23
Wh-2,EAST,SKU-157,17
Wh-2,EAST,SKU-158,10
Wh-2,EAST,SKU-161,4
Wh-2,EAST,SKU-162,22
Wh-2,EAST,SKU-163,21
Wh-2,EAST,SKU-164,12
Wh-2,EAST,SKU-165,15
Wh-2,EAST,SKU-166,5
Wh-2,EAST,SKU-167,48
Wh-2,EAST,SKU-297,5
Wh-2,EAST,SKU-172,2
Wh-2,EAST,SKU-178,36
Wh-2,EAST,SKU-179,10
Wh-2,EAST,SKU-182,24
Wh-2,EAST,SKU-185,13
Wh-2,EAST,SKU-186,20
Wh-2,EAST,SKU-392,17
Wh-2,EAST,SKU-187,20
Wh-2,EAST,SKU-189,29
Wh-2,EAST,SKU-190,75
Wh-2,EAST,SKU-194,27
Wh-2,EAST,SKU-195,34
Wh-2,EAST,SKU-196,259
Wh-2,EAST,SKU-198,1
Wh-2,EAST,SKU-199,305
Wh-2,EAST,SKU-306,3
Wh-2,EAST,SKU-312,16
Wh-2,EAST,SKU-315,54
Wh-2,EAST,SKU-316,49
Wh-2,EAST,SKU-319,18
Wh-2,EAST,SKU-321,26
Wh-2,EAST,SKU-322,51
Wh-2,EAST,SKU-399,98
Wh-2,EAST,SKU-205,45
Wh-2,EAST,SKU-206,311
Wh-2,EAST,SKU-208,134
Wh-2,EAST,SKU-210,70
Wh-2,EAST,SKU-211,116
Wh-2,EAST,SKU-214,48
Wh-2,EAST,SKU-216,193
Wh-2,EAST,SKU-217,22
Wh-2,EAST,SKU-414,49
Wh-2,EAST,SKU-219,88
Wh-2,EAST,SKU-220,513
Wh-2,EAST,SKU-221,109
Wh-2,EAST,SKU-224,6
Wh-2,EAST,SKU-225,66
Wh-2,EAST,SKU-226,11
Wh-2,EAST,SKU-230,30
Wh-2,EAST,SKU-231,28
Wh-2,EAST,SKU-232,14
Wh-2,EAST,SKU-233,42
Wh-2,EAST,SKU-415,3
Wh-3,WEST,SKU-1,87
Wh-3,WEST,SKU-2,103
Wh-3,WEST,SKU-3,20
Wh-3,WEST,SKU-4,21
Wh-3,WEST,SKU-5,210
Wh-3,WEST,SKU-6,11
Wh-3,WEST,SKU-350,19
Wh-3,WEST,SKU-7,240
Wh-3,WEST,SKU-8,113
Wh-3,WEST,SKU-234,14
Wh-3,WEST,SKU-9,109
Wh-3,WEST,SKU-10,295
Wh-3,WEST,SKU-13,404
Wh-3,WEST,SKU-17,152
Wh-3,WEST,SKU-327,13
Wh-3,WEST,SKU-19,27
Wh-3,WEST,SKU-351,18
Wh-3,WEST,SKU-236,12
Wh-3,WEST,SKU-20,14
Wh-3,WEST,SKU-352,36
Wh-3,WEST,SKU-353,43
Wh-3,WEST,SKU-21,33
Wh-3,WEST,SKU-22,6
Wh-3,WEST,SKU-23,26
Wh-3,WEST,SKU-24,36
Wh-3,WEST,SKU-25,54
Wh-3,WEST,SKU-26,29
Wh-3,WEST,SKU-27,14
Wh-3,WEST,SKU-28,23
Wh-3,WEST,SKU-29,31
Wh-3,WEST,SKU-30,236
Wh-3,WEST,SKU-31,28
Wh-3,WEST,SKU-32,51
Wh-3,WEST,SKU-33,149
Wh-3,WEST,SKU-237,26
Wh-3,WEST,SKU-34,19
Wh-3,WEST,SKU-239,17
Wh-3,WEST,SKU-240,8
Wh-3,WEST,SKU-354,15
Wh-3,WEST,SKU-35,17
Wh-3,WEST,SKU-36,26
Wh-3,WEST,SKU-241,25
Wh-3,WEST,SKU-37,27
Wh-3,WEST,SKU-38,145
Wh-3,WEST,SKU-39,231
Wh-3,WEST,SKU-40,151
Wh-3,WEST,SKU-41,13
Wh-3,WEST,SKU-355,1
Wh-3,WEST,SKU-243,29
Wh-3,WEST,SKU-42,67
Wh-3,WEST,SKU-43,86
Wh-3,WEST,SKU-44,34
Wh-3,WEST,SKU-356,24
Wh-3,WEST,SKU-45,18
Wh-3,WEST,SKU-46,97
Wh-3,WEST,SKU-47,475
Wh-3,WEST,SKU-49,383
Wh-3,WEST,SKU-50,173
Wh-3,WEST,SKU-51,422
Wh-3,WEST,SKU-53,40
Wh-3,WEST,SKU-54,16
Wh-3,WEST,SKU-55,38
Wh-3,WEST,SKU-56,88
Wh-3,WEST,SKU-57,58
Wh-3,WEST,SKU-58,35
Wh-3,WEST,SKU-59,101
Wh-3,WEST,SKU-357,2
Wh-3,WEST,SKU-60,55
Wh-3,WEST,SKU-61,541
Wh-3,WEST,SKU-62,83
Wh-3,WEST,SKU-63,44
Wh-3,WEST,SKU-66,38
Wh-3,WEST,SKU-67,167
Wh-3,WEST,SKU-244,18
Wh-3,WEST,SKU-68,18
Wh-3,WEST,SKU-69,52
Wh-3,WEST,SKU-70,40
Wh-3,WEST,SKU-71,23
Wh-3,WEST,SKU-72,46
Wh-3,WEST,SKU-74,19
Wh-3,WEST,SKU-75,23
Wh-3,WEST,SKU-328,32
Wh-3,WEST,SKU-76,32
Wh-3,WEST,SKU-77,2
Wh-3,WEST,SKU-78,73
Wh-3,WEST,SKU-79,22
Wh-3,WEST,SKU-80,28
Wh-3,WEST,SKU-81,19
Wh-3,WEST,SKU-82,13
Wh-3,WEST,SKU-358,3
Wh-3,WEST,SKU-83,903
Wh-3,WEST,SKU-84,1079
Wh-3,WEST,SKU-85,7
Wh-3,WEST,SKU-86,14
Wh-3,WEST,SKU-250,34
Wh-3,WEST,SKU-87,4
Wh-3,WEST,SKU-359,14
Wh-3,WEST,SKU-88,52
Wh-3,WEST,SKU-360,18
Wh-3,WEST,SKU-251,56
Wh-3,WEST,SKU-361,29
Wh-3,WEST,SKU-89,53
Wh-3,WEST,SKU-90,13
Wh-3,WEST,SKU-91,13
Wh-3,WEST,SKU-92,14
Wh-3,WEST,SKU-93,35
Wh-3,WEST,SKU-94,3
Wh-3,WEST,SKU-97,61
Wh-3,WEST,SKU-98,42
Wh-3,WEST,SKU-252,80
Wh-3,WEST,SKU-253,9
Wh-3,WEST,SKU-362,21
Wh-3,WEST,SKU-254,29
Wh-3,WEST,SKU-331,224
Wh-3,WEST,SKU-363,176
Wh-3,WEST,SKU-364,94
Wh-3,WEST,SKU-255,497
Wh-3,WEST,SKU-332,46
Wh-3,WEST,SKU-365,18
Wh-3,WEST,SKU-256,191
Wh-3,WEST,SKU-366,42
Wh-3,WEST,SKU-367,32
Wh-3,WEST,SKU-257,279
Wh-3,WEST,SKU-368,27
Wh-3,WEST,SKU-369,19
Wh-3,WEST,SKU-370,50
Wh-3,WEST,SKU-371,58
Wh-3,WEST,SKU-258,206
Wh-3,WEST,SKU-372,72
Wh-3,WEST,SKU-373,5
Wh-3,WEST,SKU-259,37
Wh-3,WEST,SKU-260,43
Wh-3,WEST,SKU-261,233
Wh-3,WEST,SKU-262,12
Wh-3,WEST,SKU-263,265
Wh-3,WEST,SKU-264,1334
Wh-3,WEST,SKU-265,31
Wh-3,WEST,SKU-266,11
Wh-3,WEST,SKU-267,130
Wh-3,WEST,SKU-268,1811
Wh-3,WEST,SKU-374,4
Wh-3,WEST,SKU-269,29
Wh-3,WEST,SKU-270,64
Wh-3,WEST,SKU-271,844
Wh-3,WEST,SKU-272,35
Wh-3,WEST,SKU-273,8
Wh-3,WEST,SKU-274,20
Wh-3,WEST,SKU-275,32
Wh-3,WEST,SKU-277,26
Wh-3,WEST,SKU-278,121
Wh-3,WEST,SKU-279,9
Wh-3,WEST,SKU-280,7
Wh-3,WEST,SKU-281,5
Wh-3,WEST,SKU-282,30
Wh-3,WEST,SKU-283,37
Wh-3,WEST,SKU-375,59
Wh-3,WEST,SKU-376,16
Wh-3,WEST,SKU-284,10
Wh-3,WEST,SKU-285,15
Wh-3,WEST,SKU-377,27
Wh-3,WEST,SKU-378,27
Wh-3,WEST,SKU-123,110
Wh-3,WEST,SKU-289,83
Wh-3,WEST,SKU-124,405
Wh-3,WEST,SKU-339,29
Wh-3,WEST,SKU-341,40
Wh-3,WEST,SKU-290,88
Wh-3,WEST,SKU-126,8
Wh-3,WEST,SKU-127,61
Wh-3,WEST,SKU-291,16
Wh-3,WEST,SKU-343,319
Wh-3,WEST,SKU-292,126
Wh-3,WEST,SKU-128,48
Wh-3,WEST,SKU-379,252
Wh-3,WEST,SKU-380,25
Wh-3,WEST,SKU-381,5
Wh-3,WEST,SKU-132,229
Wh-3,WEST,SKU-133,92
Wh-3,WEST,SKU-134,127
Wh-3,WEST,SKU-382,15
Wh-3,WEST,SKU-383,13
Wh-3,WEST,SKU-137,2
Wh-3,WEST,SKU-139,27
Wh-3,WEST,SKU-140,94
Wh-3,WEST,SKU-141,20
Wh-3,WEST,SKU-144,56
Wh-3,WEST,SKU-145,76
Wh-3,WEST,SKU-146,5
Wh-3,WEST,SKU-384,13
Wh-3,WEST,SKU-385,14
Wh-3,WEST,SKU-386,28
Wh-3,WEST,SKU-147,9
Wh-3,WEST,SKU-293,4
Wh-3,WEST,SKU-148,41
Wh-3,WEST,SKU-149,128
Wh-3,WEST,SKU-387,15
Wh-3,WEST,SKU-150,147
Wh-3,WEST,SKU-151,277
Wh-3,WEST,SKU-388,3
Wh-3,WEST,SKU-152,20
Wh-3,WEST,SKU-154,26
Wh-3,WEST,SKU-155,5
Wh-3,WEST,SKU-156,39
Wh-3,WEST,SKU-389,1
Wh-3,WEST,SKU-157,27
Wh-3,WEST,SKU-390,19
Wh-3,WEST,SKU-158,18
Wh-3,WEST,SKU-159,17
Wh-3,WEST,SKU-160,49
Wh-3,WEST,SKU-161,87
Wh-3,WEST,SKU-162,19
Wh-3,WEST,SKU-163,10
Wh-3,WEST,SKU-164,17
Wh-3,WEST,SKU-165,16
Wh-3,WEST,SKU-166,20
Wh-3,WEST,SKU-167,1
Wh-3,WEST,SKU-168,17
Wh-3,WEST,SKU-297,4
Wh-3,WEST,SKU-169,34
Wh-3,WEST,SKU-391,2
Wh-3,WEST,SKU-170,58
Wh-3,WEST,SKU-171,27
Wh-3,WEST,SKU-172,9
Wh-3,WEST,SKU-299,66
Wh-3,WEST,SKU-173,107
Wh-3,WEST,SKU-174,3
Wh-3,WEST,SKU-175,10
Wh-3,WEST,SKU-176,5
Wh-3,WEST,SKU-177,3
Wh-3,WEST,SKU-178,31
Wh-3,WEST,SKU-179,34
Wh-3,WEST,SKU-180,11
Wh-3,WEST,SKU-181,17
Wh-3,WEST,SKU-182,1
Wh-3,WEST,SKU-183,50
Wh-3,WEST,SKU-184,36
Wh-3,WEST,SKU-185,18
Wh-3,WEST,SKU-300,6
Wh-3,WEST,SKU-301,21
Wh-3,WEST,SKU-186,24
Wh-3,WEST,SKU-392,9
Wh-3,WEST,SKU-187,16
Wh-3,WEST,SKU-302,19
Wh-3,WEST,SKU-188,20
Wh-3,WEST,SKU-189,41
Wh-3,WEST,SKU-190,20
Wh-3,WEST,SKU-192,20
Wh-3,WEST,SKU-193,17
Wh-3,WEST,SKU-194,58
Wh-3,WEST,SKU-195,15
Wh-3,WEST,SKU-196,21
Wh-3,WEST,SKU-197,3
Wh-3,WEST,SKU-198,85
Wh-3,WEST,SKU-199,210
Wh-3,WEST,SKU-200,105
Wh-3,WEST,SKU-201,81
Wh-3,WEST,SKU-202,15
Wh-3,WEST,SKU-203,41
Wh-3,WEST,SKU-393,17
Wh-3,WEST,SKU-204,32
Wh-3,WEST,SKU-306,8
Wh-3,WEST,SKU-394,19
Wh-3,WEST,SKU-395,11
Wh-3,WEST,SKU-314,9
Wh-3,WEST,SKU-315,1
Wh-3,WEST,SKU-316,20
Wh-3,WEST,SKU-317,2
Wh-3,WEST,SKU-318,6
Wh-3,WEST,SKU-319,29
Wh-3,WEST,SKU-320,19
Wh-3,WEST,SKU-321,27
Wh-3,WEST,SKU-322,20
Wh-3,WEST,SKU-323,12
Wh-3,WEST,SKU-324,2
Wh-3,WEST,SKU-325,2
Wh-3,WEST,SKU-326,2
Wh-3,WEST,SKU-396,20
Wh-3,WEST,SKU-397,16
Wh-3,WEST,SKU-398,11
Wh-3,WEST,SKU-399,184
Wh-3,WEST,SKU-400,117
Wh-3,WEST,SKU-205,38
Wh-3,WEST,SKU-206,284
Wh-3,WEST,SKU-207,15
Wh-3,WEST,SKU-208,5
Wh-3,WEST,SKU-209,121
Wh-3,WEST,SKU-210,50
Wh-3,WEST,SKU-211,683
Wh-3,WEST,SKU-214,26
Wh-3,WEST,SKU-215,28
Wh-3,WEST,SKU-217,65
Wh-3,WEST,SKU-218,13
Wh-3,WEST,SKU-219,2
Wh-3,WEST,SKU-220,11
Wh-3,WEST,SKU-221,13
Wh-3,WEST,SKU-401,20
Wh-3,WEST,SKU-222,1
Wh-3,WEST,SKU-223,9
Wh-3,WEST,SKU-224,1
Wh-3,WEST,SKU-225,7
Wh-3,WEST,SKU-226,6
Wh-3,WEST,SKU-402,5
Wh-3,WEST,SKU-227,15
Wh-3,WEST,SKU-229,9
Wh-3,WEST,SKU-230,26
Wh-3,WEST,SKU-231,12
Wh-3,WEST,SKU-232,11
Wh-3,WEST,SKU-233,28
Wh-4,SOUTH,SKU-1,19
Wh-4,SOUTH,SKU-2,30
Wh-4,SOUTH,SKU-3,15
Wh-4,SOUTH,SKU-4,64
Wh-4,SOUTH,SKU-5,40
Wh-4,SOUTH,SKU-6,3
Wh-4,SOUTH,SKU-7,381
Wh-4,SOUTH,SKU-8,220
Wh-4,SOUTH,SKU-234,43
Wh-4,SOUTH,SKU-9,19
Wh-4,SOUTH,SKU-10,172
Wh-4,SOUTH,SKU-13,98
Wh-4,SOUTH,SKU-17,18
Wh-4,SOUTH,SKU-327,12
Wh-4,SOUTH,SKU-19,5
Wh-4,SOUTH,SKU-351,12
Wh-4,SOUTH,SKU-20,13
Wh-4,SOUTH,SKU-353,6
Wh-4,SOUTH,SKU-21,65
Wh-4,SOUTH,SKU-22,24
Wh-4,SOUTH,SKU-23,14
Wh-4,SOUTH,SKU-24,21
Wh-4,SOUTH,SKU-25,51
Wh-4,SOUTH,SKU-26,81
Wh-4,SOUTH,SKU-27,110
Wh-4,SOUTH,SKU-28,29
Wh-4,SOUTH,SKU-29,79
Wh-4,SOUTH,SKU-30,27
Wh-4,SOUTH,SKU-31,20
Wh-4,SOUTH,SKU-32,73
Wh-4,SOUTH,SKU-33,62
Wh-4,SOUTH,SKU-237,4
Wh-4,SOUTH,SKU-34,10
Wh-4,SOUTH,SKU-239,12
Wh-4,SOUTH,SKU-240,49
Wh-4,SOUTH,SKU-354,18
Wh-4,SOUTH,SKU-35,17
Wh-4,SOUTH,SKU-36,81
Wh-4,SOUTH,SKU-37,51
Wh-4,SOUTH,SKU-39,49
Wh-4,SOUTH,SKU-40,111
Wh-4,SOUTH,SKU-41,8
Wh-4,SOUTH,SKU-243,31
Wh-4,SOUTH,SKU-42,49
Wh-4,SOUTH,SKU-43,5
Wh-4,SOUTH,SKU-44,32
Wh-4,SOUTH,SKU-45,1
Wh-4,SOUTH,SKU-46,49
Wh-4,SOUTH,SKU-47,92
Wh-4,SOUTH,SKU-50,6
Wh-4,SOUTH,SKU-51,70
Wh-4,SOUTH,SKU-53,45
Wh-4,SOUTH,SKU-54,33
Wh-4,SOUTH,SKU-55,187
Wh-4,SOUTH,SKU-56,26
Wh-4,SOUTH,SKU-57,6
Wh-4,SOUTH,SKU-58,30
Wh-4,SOUTH,SKU-59,5
Wh-4,SOUTH,SKU-60,2
Wh-4,SOUTH,SKU-61,20
Wh-4,SOUTH,SKU-62,48
Wh-4,SOUTH,SKU-63,15
Wh-4,SOUTH,SKU-416,17
Wh-4,SOUTH,SKU-64,20
Wh-4,SOUTH,SKU-65,26
Wh-4,SOUTH,SKU-66,56
Wh-4,SOUTH,SKU-67,289
Wh-4,SOUTH,SKU-244,36
Wh-4,SOUTH,SKU-69,73
Wh-4,SOUTH,SKU-70,45
Wh-4,SOUTH,SKU-71,21
Wh-4,SOUTH,SKU-72,11
Wh-4,SOUTH,SKU-73,14
Wh-4,SOUTH,SKU-74,12
Wh-4,SOUTH,SKU-245,22
Wh-4,SOUTH,SKU-246,16
Wh-4,SOUTH,SKU-76,7
Wh-4,SOUTH,SKU-77,6
Wh-4,SOUTH,SKU-78,7
Wh-4,SOUTH,SKU-79,15
Wh-4,SOUTH,SKU-248,20
Wh-4,SOUTH,SKU-404,45
Wh-4,SOUTH,SKU-417,26
Wh-4,SOUTH,SKU-80,325
Wh-4,SOUTH,SKU-81,107
Wh-4,SOUTH,SKU-82,41
Wh-4,SOUTH,SKU-84,25
Wh-4,SOUTH,SKU-86,16
Wh-4,SOUTH,SKU-250,20
Wh-4,SOUTH,SKU-87,14
Wh-4,SOUTH,SKU-359,3
Wh-4,SOUTH,SKU-88,344
Wh-4,SOUTH,SKU-251,31
Wh-4,SOUTH,SKU-361,19
Wh-4,SOUTH,SKU-89,27
Wh-4,SOUTH,SKU-90,7
Wh-4,SOUTH,SKU-92,1
Wh-4,SOUTH,SKU-93,16
Wh-4,SOUTH,SKU-95,5
Wh-4,SOUTH,SKU-418,32
Wh-4,SOUTH,SKU-97,12
Wh-4,SOUTH,SKU-98,12
Wh-4,SOUTH,SKU-252,15
Wh-4,SOUTH,SKU-253,1
Wh-4,SOUTH,SKU-362,34
Wh-4,SOUTH,SKU-419,10
Wh-4,SOUTH,SKU-254,46
Wh-4,SOUTH,SKU-331,62
Wh-4,SOUTH,SKU-255,70
Wh-4,SOUTH,SKU-332,102
Wh-4,SOUTH,SKU-256,64
Wh-4,SOUTH,SKU-257,85
Wh-4,SOUTH,SKU-368,2
Wh-4,SOUTH,SKU-258,101
Wh-4,SOUTH,SKU-373,137
Wh-4,SOUTH,SKU-259,304
Wh-4,SOUTH,SKU-260,38
Wh-4,SOUTH,SKU-261,913
Wh-4,SOUTH,SKU-263,55
Wh-4,SOUTH,SKU-264,1141
Wh-4,SOUTH,SKU-267,7
Wh-4,SOUTH,SKU-268,146
Wh-4,SOUTH,SKU-269,43
Wh-4,SOUTH,SKU-270,30
Wh-4,SOUTH,SKU-271,609
Wh-4,SOUTH,SKU-272,13
Wh-4,SOUTH,SKU-420,13
Wh-4,SOUTH,SKU-273,3
Wh-4,SOUTH,SKU-274,13
Wh-4,SOUTH,SKU-275,101
Wh-4,SOUTH,SKU-276,14
Wh-4,SOUTH,SKU-277,18
Wh-4,SOUTH,SKU-278,11
Wh-4,SOUTH,SKU-279,34
Wh-4,SOUTH,SKU-280,37
Wh-4,SOUTH,SKU-281,91
Wh-4,SOUTH,SKU-282,22
Wh-4,SOUTH,SKU-375,24
Wh-4,SOUTH,SKU-284,4
Wh-4,SOUTH,SKU-285,17
Wh-4,SOUTH,SKU-377,7
Wh-4,SOUTH,SKU-286,17
Wh-4,SOUTH,SKU-421,15
Wh-4,SOUTH,SKU-101,19
Wh-4,SOUTH,SKU-102,58
Wh-4,SOUTH,SKU-103,1
Wh-4,SOUTH,SKU-104,26
Wh-4,SOUTH,SKU-105,51
Wh-4,SOUTH,SKU-106,93
Wh-4,SOUTH,SKU-107,14
Wh-4,SOUTH,SKU-108,115
Wh-4,SOUTH,SKU-109,10
Wh-4,SOUTH,SKU-110,15
Wh-4,SOUTH,SKU-111,79
Wh-4,SOUTH,SKU-112,7
Wh-4,SOUTH,SKU-113,63
Wh-4,SOUTH,SKU-114,20
Wh-4,SOUTH,SKU-115,11
Wh-4,SOUTH,SKU-116,10
Wh-4,SOUTH,SKU-117,12
Wh-4,SOUTH,SKU-287,19
Wh-4,SOUTH,SKU-121,20
Wh-4,SOUTH,SKU-122,12
Wh-4,SOUTH,SKU-422,6
Wh-4,SOUTH,SKU-288,9
Wh-4,SOUTH,SKU-423,15
Wh-4,SOUTH,SKU-424,20
Wh-4,SOUTH,SKU-425,28
Wh-4,SOUTH,SKU-426,8
Wh-4,SOUTH,SKU-123,64
Wh-4,SOUTH,SKU-289,10
Wh-4,SOUTH,SKU-427,26
Wh-4,SOUTH,SKU-406,19
Wh-4,SOUTH,SKU-124,751
Wh-4,SOUTH,SKU-338,9
Wh-4,SOUTH,SKU-428,9
Wh-4,SOUTH,SKU-339,184
Wh-4,SOUTH,SKU-126,29
Wh-4,SOUTH,SKU-127,66
Wh-4,SOUTH,SKU-128,2
Wh-4,SOUTH,SKU-129,2
Wh-4,SOUTH,SKU-131,58
Wh-4,SOUTH,SKU-132,206
Wh-4,SOUTH,SKU-133,452
Wh-4,SOUTH,SKU-134,34
Wh-4,SOUTH,SKU-136,50
Wh-4,SOUTH,SKU-137,96
Wh-4,SOUTH,SKU-344,36
Wh-4,SOUTH,SKU-140,253
Wh-4,SOUTH,SKU-141,16
Wh-4,SOUTH,SKU-429,5
Wh-4,SOUTH,SKU-144,20
Wh-4,SOUTH,SKU-384,16
Wh-4,SOUTH,SKU-430,11
Wh-4,SOUTH,SKU-431,18
Wh-4,SOUTH,SKU-432,7
Wh-4,SOUTH,SKU-385,61
Wh-4,SOUTH,SKU-386,16
Wh-4,SOUTH,SKU-147,50
Wh-4,SOUTH,SKU-148,19
Wh-4,SOUTH,SKU-149,15
Wh-4,SOUTH,SKU-387,3
Wh-4,SOUTH,SKU-150,59
Wh-4,SOUTH,SKU-151,624
Wh-4,SOUTH,SKU-152,85
Wh-4,SOUTH,SKU-154,1
Wh-4,SOUTH,SKU-155,19
Wh-4,SOUTH,SKU-156,16
Wh-4,SOUTH,SKU-157,31
Wh-4,SOUTH,SKU-158,9
Wh-4,SOUTH,SKU-159,13
Wh-4,SOUTH,SKU-160,29
Wh-4,SOUTH,SKU-161,2
Wh-4,SOUTH,SKU-162,44
Wh-4,SOUTH,SKU-163,29
Wh-4,SOUTH,SKU-164,19
Wh-4,SOUTH,SKU-165,20
Wh-4,SOUTH,SKU-166,15
Wh-4,SOUTH,SKU-167,27
Wh-4,SOUTH,SKU-297,10
Wh-4,SOUTH,SKU-169,12
Wh-4,SOUTH,SKU-170,19
Wh-4,SOUTH,SKU-171,8
Wh-4,SOUTH,SKU-172,11
Wh-4,SOUTH,SKU-173,12
Wh-4,SOUTH,SKU-174,17
Wh-4,SOUTH,SKU-175,2
Wh-4,SOUTH,SKU-176,6
Wh-4,SOUTH,SKU-177,7
Wh-4,SOUTH,SKU-178,8
Wh-4,SOUTH,SKU-179,49
Wh-4,SOUTH,SKU-180,2
Wh-4,SOUTH,SKU-182,10
Wh-4,SOUTH,SKU-183,11
Wh-4,SOUTH,SKU-184,8
Wh-4,SOUTH,SKU-185,18
Wh-4,SOUTH,SKU-186,17
Wh-4,SOUTH,SKU-187,15
Wh-4,SOUTH,SKU-190,15
Wh-4,SOUTH,SKU-193,19
Wh-4,SOUTH,SKU-194,52
Wh-4,SOUTH,SKU-196,33
Wh-4,SOUTH,SKU-199,50
Wh-4,SOUTH,SKU-200,14
Wh-4,SOUTH,SKU-201,25
Wh-4,SOUTH,SKU-202,14
Wh-4,SOUTH,SKU-203,6
Wh-4,SOUTH,SKU-204,20
Wh-4,SOUTH,SKU-314,29
Wh-4,SOUTH,SKU-315,7
Wh-4,SOUTH,SKU-316,17
Wh-4,SOUTH,SKU-317,2
Wh-4,SOUTH,SKU-318,8
Wh-4,SOUTH,SKU-319,21
Wh-4,SOUTH,SKU-320,6
Wh-4,SOUTH,SKU-321,6
Wh-4,SOUTH,SKU-322,2
Wh-4,SOUTH,SKU-324,8
Wh-4,SOUTH,SKU-325,5
Wh-4,SOUTH,SKU-326,42
Wh-4,SOUTH,SKU-396,10
Wh-4,SOUTH,SKU-397,40
Wh-4,SOUTH,SKU-433,7
Wh-4,SOUTH,SKU-399,360
Wh-4,SOUTH,SKU-205,11
Wh-4,SOUTH,SKU-206,202
Wh-4,SOUTH,SKU-434,12
Wh-4,SOUTH,SKU-208,18
Wh-4,SOUTH,SKU-211,13
Wh-4,SOUTH,SKU-212,8
Wh-4,SOUTH,SKU-214,1
Wh-4,SOUTH,SKU-215,30
Wh-4,SOUTH,SKU-217,16
Wh-4,SOUTH,SKU-218,5
Wh-4,SOUTH,SKU-219,21
Wh-4,SOUTH,SKU-220,126
Wh-4,SOUTH,SKU-221,8
Wh-4,SOUTH,SKU-224,103
Wh-4,SOUTH,SKU-225,49
Wh-4,SOUTH,SKU-226,4
Wh-4,SOUTH,SKU-228,15
Wh-4,SOUTH,SKU-229,7
Wh-4,SOUTH,SKU-230,9
Wh-4,SOUTH,SKU-231,13
Wh-4,SOUTH,SKU-232,9
Wh-4,SOUTH,SKU-233,33
